<!DOCTYPE qgis_style>
<qgis_style version="2">
  <symbols/>
  <colorramps>
    <colorramp type="gradient" name="AgroClimaticDays_ColorRamp" tags="GAEZ">
      <prop v="27,27,91,255" k="color1"/>
      <prop v="191,24,67,255" k="color2"/>
      <prop v="0" k="discrete"/>
      <prop v="gradient" k="rampType"/>
      <prop v="0;27,27,91,255:0.05;33,33,113,255:0.1;40,40,137,255:0.16;45,45,156,255:0.22;51,51,178,255:0.28;102,102,206,255:0.34;139,139,226,255:0.4;170,170,242,255:0.46;186,181,202,255:0.52;255,221,0,255:0.58;250,218,17,255:0.64;255,164,0,255:0.7;255,75,0,255:0.76;255,45,0,255:0.82;217,32,39,255:0.88;217,32,39,255:0.94;206,28,52,255" k="stops"/>
    </colorramp>
  </colorramps>
  <textformats/>
  <labelsettings/>
</qgis_style>
