<!DOCTYPE qgis_style>
<qgis_style version="2">
  <symbols/>
  <colorramps>
    <colorramp type="gradient" name="AgroClimaticPrecipitation_ColorRamp" tags="GAEZ">
      <prop v="210,210,210,255" k="color1"/>
      <prop v="155,196,255,255" k="color2"/>
      <prop v="0" k="discrete"/>
      <prop v="gradient" k="rampType"/>
      <prop v="0.1;190,153,83,255:0.2;250,238,20,255:0.3;156,223,83,255:0.4;82,193,106,255:0.5;23,160,111,255:0.6;35,145,132,255:0.7;56,133,155,255:0.800725;87,153,194,255:0.9;133,182,233,255" k="stops"/>
    </colorramp>
  </colorramps>
  <textformats/>
  <labelsettings/>
</qgis_style>
