<!DOCTYPE qgis_style>
<qgis_style version="2">
  <symbols/>
  <colorramps>
    <colorramp name="Beginning_CropGrowthCycle_ColorRamp" tags="GAEZ" type="gradient">
      <prop v="39,14,78,255" k="color1"/>
      <prop v="194,0,85,255" k="color2"/>
      <prop v="0" k="discrete"/>
      <prop v="gradient" k="rampType"/>
      <prop v="0.1;57,86,59,255:0.2;78,167,38,255:0.3;159,206,77,255:0.4;255,253,124,255:0.5;248,163,66,255:0.6;239,61,0,255:0.7;239,36,13,255:0.8;239,0,32,255:0.9;212,0,63,255" k="stops"/>
    </colorramp>
  </colorramps>
  <textformats/>
  <labelsettings/>
</qgis_style>
