<!DOCTYPE qgis_style>
<qgis_style version="2">
  <symbols/>
  <colorramps>
    <colorramp name="MedianAltitude_ColorRamp" tags="GAEZ" type="gradient">
      <prop v="255,255,255,255" k="color1"/>
      <prop v="143,143,143,255" k="color2"/>
      <prop v="0" k="discrete"/>
      <prop v="gradient" k="rampType"/>
      <prop v="0.2;48,152,23,255:0.4;250,218,17,255:0.6;191,24,67,255:0.8;210,210,210,255" k="stops"/>
    </colorramp>
  </colorramps>
  <textformats/>
  <labelsettings/>
</qgis_style>
