<!DOCTYPE qgis_style>
<qgis_style version="2">
  <symbols/>
  <colorramps>
    <colorramp type="gradient" name="ThermalRegime_ColorRamp" tags="GAEZ">
      <prop v="191,24,67,255" k="color1"/>
      <prop v="27,27,91,255" k="color2"/>
      <prop v="0" k="discrete"/>
      <prop v="gradient" k="rampType"/>
      <prop v="0.06;206,28,52,255:0.12;217,32,39,255:0.18;217,32,39,255:0.24;255,45,0,255:0.3;255,75,0,255:0.36;255,164,0,255:0.42;250,218,17,255:0.48;255,221,0,255:0.54;186,181,202,255:0.6;170,170,242,255:0.66;139,139,226,255:0.72;102,102,206,255:0.78;51,51,178,255:0.84;45,45,156,255:0.9;40,40,137,255:0.95;33,33,113,255:1;27,27,91,255" k="stops"/>
    </colorramp>
  </colorramps>
  <textformats/>
  <labelsettings/>
</qgis_style>
