<!DOCTYPE qgis_style>
<qgis_style version="2">
  <symbols/>
  <colorramps>
    <colorramp type="gradient" name="YieldSymbology_ColorRamp" tags="GAEZ">
      <prop v="255,255,255,255" k="color1"/>
      <prop v="4,122,3,255" k="color2"/>
      <prop v="0" k="discrete"/>
      <prop v="gradient" k="rampType"/>
      <prop v="0.1;221,207,192,255:0.2;171,137,100,255:0.3;196,139,86,255:0.400966;241,143,59,255:0.5;243,163,46,255:0.600242;247,217,9,255:0.7;181,210,27,255:0.801932;102,202,48,255:0.899758;55,163,27,255" k="stops"/>
    </colorramp>
  </colorramps>
  <textformats/>
  <labelsettings/>
</qgis_style>
